{
  "ModId": "5.30.audio.replacer",
  "ModName": "5/30 audio replacer",
  "ModAuthor": "Septicnaus",
  "ModVersion": "1.0.0",
  "ModDescription": "A mod for Persona 3 Reload that replaces both the text and audio from \u0022Stupei, Ace Defective\u0022 and makes it the iconic meme this community holds so dearly.",
  "ModDll": "",
  "ModIcon": "Screenshot 2025-02-05 111149.png",
  "ModR2RManagedDll32": "",
  "ModR2RManagedDll64": "",
  "ModNativeDll32": "",
  "ModNativeDll64": "",
  "Tags": [],
  "CanUnload": null,
  "HasExports": null,
  "IsLibrary": false,
  "ReleaseMetadataFileName": "5.30.audio.replacer.ReleaseMetadata.json",
  "PluginData": {
    "GameBananaDependencies": {
      "IdToConfigMap": {
        "p3rpc.essentials": {
          "Config": {
            "ItemType": "Mod",
            "ItemId": 494020
          },
          "ReleaseMetadataName": "p3rpc.essentials.ReleaseMetadata.json"
        }
      }
    },
    "GitHubDependencies": {
      "IdToConfigMap": {
        "p3rpc.essentials": {
          "Config": {
            "UserName": "AnimatedSwine37",
            "RepositoryName": "p3rpc.essentials",
            "UseReleaseTag": true,
            "AssetFileName": "Mod.zip"
          },
          "ReleaseMetadataName": "p3rpc.essentials.ReleaseMetadata.json"
        },
        "reloaded.universal.fileemulationframework": {
          "Config": {
            "UserName": "Sewer56",
            "RepositoryName": "FileEmulationFramework",
            "UseReleaseTag": false,
            "AssetFileName": "Mod.zip"
          },
          "ReleaseMetadataName": "Reloaded.Universal.FileEmulationFramework.ReleaseMetadata.json"
        },
        "Ryo.Reloaded": {
          "Config": {
            "UserName": "RyoTune",
            "RepositoryName": "Ryo",
            "UseReleaseTag": false,
            "AssetFileName": "Mod.zip"
          },
          "ReleaseMetadataName": "Ryo.Reloaded.ReleaseMetadata.json"
        },
        "UnrealEssentials": {
          "Config": {
            "UserName": "AnimatedSwine37",
            "RepositoryName": "UnrealEssentials",
            "UseReleaseTag": false,
            "AssetFileName": "Mod.zip"
          },
          "ReleaseMetadataName": "UnrealEssentials.ReleaseMetadata.json"
        },
        "Reloaded.Memory.SigScan.ReloadedII": {
          "Config": {
            "UserName": "Reloaded-Project",
            "RepositoryName": "Reloaded.Memory.SigScan",
            "UseReleaseTag": false,
            "AssetFileName": "Mod.zip"
          },
          "ReleaseMetadataName": "Reloaded.Memory.SigScan.ReloadedII.ReleaseMetadata.json"
        },
        "reloaded.sharedlib.hooks": {
          "Config": {
            "UserName": "Sewer56",
            "RepositoryName": "Reloaded.SharedLib.Hooks.ReloadedII",
            "UseReleaseTag": true,
            "AssetFileName": "reloaded.sharedlib.hooks.zip"
          },
          "ReleaseMetadataName": "Sewer56.Update.ReleaseMetadata.json"
        },
        "UTOC.Stream.Emulator": {
          "Config": {
            "UserName": "AnimatedSwine37",
            "RepositoryName": "UnrealEssentials",
            "UseReleaseTag": false,
            "AssetFileName": "Mod.zip"
          },
          "ReleaseMetadataName": "UTOC.Stream.Emulator.ReleaseMetadata.json"
        },
        "SharedScans.Reloaded": {
          "Config": {
            "UserName": "RyoTune",
            "RepositoryName": "SharedScans",
            "UseReleaseTag": false,
            "AssetFileName": "Mod.zip"
          },
          "ReleaseMetadataName": "SharedScans.Reloaded.ReleaseMetadata.json"
        }
      }
    },
    "GitHubRelease": {
      "UserName": "Septicnaus",
      "RepositoryName": "Persona-3-Reload-5-30-Yukari-line-replacer",
      "UseReleaseTag": true,
      "AssetFileName": "Mod.zip"
    }
  },
  "IsUniversalMod": false,
  "ModDependencies": [
    "p3rpc.essentials",
    "reloaded.universal.fileemulationframework",
    "Ryo.Reloaded",
    "UnrealEssentials"
  ],
  "OptionalDependencies": [],
  "SupportedAppId": [
    "p3r.exe"
  ],
  "ProjectUrl": "https://github.com/Septicnaus/Persona-3-Reload-5-30-Yukari-line-replacer/tree/main"
}
